{"cameraMode":{"drawMode":0,"name":"Shaded","section":"Shading Mode"},"sceneLighting":false,"audioPlay":false,"sceneViewState":{"m_AlwaysRefresh":false,"showFog":true,"showSkybox":true,"showFlares":true,"showImageEffects":true,"showParticleSystems":true,"showVisualEffectGraphs":true,"m_FxEnabled":true},"in2DMode":false,"pivot":{"x":-0.4256877899169922,"y":1.766000747680664,"z":-0.22539138793945313},"rotation":{"x":0.04239398241043091,"y":-0.3344583213329315,"z":0.015048137865960598,"w":0.9413444399833679},"size":36.37306594848633,"orthographic":false}