{"cameraMode":{"drawMode":0,"name":"Shaded","section":"Shading Mode"},"sceneLighting":false,"audioPlay":false,"sceneViewState":{"m_AlwaysRefresh":false,"showFog":true,"showSkybox":true,"showFlares":true,"showImageEffects":true,"showParticleSystems":true,"showVisualEffectGraphs":true,"m_FxEnabled":true},"in2DMode":false,"pivot":{"x":1.5312891006469727,"y":-1.1113629341125489,"z":7.217648029327393},"rotation":{"x":0.35776442289352419,"y":0.024375099688768388,"z":-0.009360422380268574,"w":0.933456301689148},"size":8.877254486083985,"orthographic":false}