{"cameraMode":{"drawMode":0,"name":"Shaded","section":"Shading Mode"},"sceneLighting":true,"audioPlay":false,"sceneViewState":{"m_AlwaysRefresh":false,"showFog":true,"showSkybox":true,"showFlares":true,"showImageEffects":true,"showParticleSystems":true,"showVisualEffectGraphs":true,"m_FxEnabled":true},"in2DMode":false,"pivot":{"x":-0.10924363136291504,"y":4.99516487121582,"z":-26.466867446899415},"rotation":{"x":0.00490620406344533,"y":-0.9655734300613403,"z":0.2594497501850128,"w":0.01825883239507675},"size":20.364505767822267,"orthographic":false}