{"cameraMode":{"drawMode":0,"name":"Shaded","section":"Shading Mode"},"sceneLighting":true,"audioPlay":false,"sceneViewState":{"m_AlwaysRefresh":false,"showFog":true,"showSkybox":true,"showFlares":true,"showImageEffects":true,"showParticleSystems":true,"showVisualEffectGraphs":true,"m_FxEnabled":true},"in2DMode":false,"pivot":{"x":-0.8320481777191162,"y":-0.08180046081542969,"z":1.8082199096679688},"rotation":{"x":0.25106555223464968,"y":0.014514417387545109,"z":-0.0037648689467459919,"w":0.9678570628166199},"size":6.9994025230407719,"orthographic":false}