{"cameraMode":{"drawMode":0,"name":"Shaded","section":"Shading Mode"},"sceneLighting":true,"audioPlay":false,"sceneViewState":{"m_AlwaysRefresh":false,"showFog":true,"showSkybox":true,"showFlares":true,"showImageEffects":true,"showParticleSystems":true,"showVisualEffectGraphs":true,"m_FxEnabled":true},"in2DMode":false,"pivot":{"x":0.7117568850517273,"y":-13.440765380859375,"z":-3.7760229110717775},"rotation":{"x":0.0012699643848463894,"y":0.7071068286895752,"z":-0.7071067690849304,"w":0.0012701101368293167},"size":13.774312973022461,"orthographic":true}