{"cameraMode":{"drawMode":0,"name":"Shaded","section":"Shading Mode"},"sceneLighting":true,"audioPlay":false,"sceneViewState":{"m_AlwaysRefresh":false,"showFog":true,"showSkybox":true,"showFlares":true,"showImageEffects":true,"showParticleSystems":true,"showVisualEffectGraphs":true,"m_FxEnabled":true},"in2DMode":false,"pivot":{"x":-0.13426679372787476,"y":21.156909942626954,"z":1.6928590536117554},"rotation":{"x":-0.0031358394771814348,"y":0.7172070145606995,"z":-0.696846067905426,"w":-0.003227413631975651},"size":17.165302276611329,"orthographic":true}