{"cameraMode":{"drawMode":0,"name":"Shaded","section":"Shading Mode"},"sceneLighting":false,"audioPlay":false,"sceneViewState":{"m_AlwaysRefresh":false,"showFog":true,"showSkybox":false,"showFlares":true,"showImageEffects":true,"showParticleSystems":true,"showVisualEffectGraphs":true,"m_FxEnabled":true},"in2DMode":false,"pivot":{"x":-0.43798828125,"y":5.340000152587891,"z":0.26105308532714846},"rotation":{"x":0.0011920261895284057,"y":-0.9957444667816162,"z":0.09136591106653214,"w":0.012853661552071572},"size":37.927406311035159,"orthographic":false}