{"cameraMode":{"drawMode":0,"name":"Shaded","section":"Shading Mode"},"sceneLighting":false,"audioPlay":false,"sceneViewState":{"m_AlwaysRefresh":false,"showFog":true,"showSkybox":false,"showFlares":true,"showImageEffects":true,"showParticleSystems":true,"showVisualEffectGraphs":true,"m_FxEnabled":true},"in2DMode":false,"pivot":{"x":0.09385919570922852,"y":0.09359773993492127,"z":-0.06130215525627136},"rotation":{"x":0.010520514100790024,"y":0.6262568831443787,"z":-0.008457297459244728,"w":0.7795299887657166},"size":0.606718122959137,"orthographic":false}