{"cameraMode":{"drawMode":0,"name":"Shaded","section":"Shading Mode"},"sceneLighting":false,"audioPlay":false,"sceneViewState":{"m_AlwaysRefresh":false,"showFog":true,"showSkybox":false,"showFlares":true,"showImageEffects":true,"showParticleSystems":true,"showVisualEffectGraphs":true,"m_FxEnabled":true},"in2DMode":false,"pivot":{"x":7.586953163146973,"y":10.376934051513672,"z":13.957521438598633},"rotation":{"x":0.06462552398443222,"y":-0.5795207619667053,"z":0.046159811317920688,"w":0.8110916018486023},"size":3.9415390491485597,"orthographic":false}